{
  "generated_at_utc": "2026-04-20T03:10:27Z",
  "model_id": "HuggingFaceVLA/smolvla_libero",
  "suite": "libero_10",
  "task_idx": 0,
  "task_description": "put both the alphabet soup and the tomato sauce in the basket",
  "condition": "none",
  "prompt_prefix": null,
  "seed": 42,
  "device": "cpu",
  "num_rollouts": 4,
  "init_state_indices": [
    0,
    1,
    2,
    3
  ],
  "vision": {
    "perturbation": "occlusion",
    "target": "primary",
    "strength": 0.2,
    "seed": null
  },
  "max_steps": 10,
  "elapsed_seconds": 427.747,
  "summary": {
    "avg_speed_mean": 0.008559186952821825,
    "avg_speed_std": 0.0005220710838359768,
    "max_height_mean": 0.6923895771760211,
    "max_height_std": 0.014453570855426692,
    "success_rate": 0.0,
    "success_count": 0
  },
  "steering": null,
  "rollouts": [
    {
      "rollout_index": 0,
      "init_state_idx": 0,
      "vision_context": {
        "perturbation": "occlusion",
        "target": "primary",
        "strength": 0.2,
        "seed": 10042,
        "occlusion_boxes": {
          "primary": {
            "top": 92,
            "left": 163,
            "size": 51
          },
          "wrist": {
            "top": 98,
            "left": 63,
            "size": 51
          }
        }
      },
      "ee_positions": [
        [
          -0.03749909448654084,
          -0.005375515997324871,
          0.7129679373389848
        ],
        [
          -0.04012677516299273,
          -0.0006200581237607672,
          0.7079452604124978
        ],
        [
          -0.04088310788720789,
          0.007821798801074547,
          0.7035092273512856
        ],
        [
          -0.03984113756508662,
          0.01704342420371175,
          0.702516130061635
        ],
        [
          -0.03950987529698308,
          0.025311821508651675,
          0.7015865592965933
        ],
        [
          -0.03920203728038451,
          0.03337881872385996,
          0.6996383574912572
        ],
        [
          -0.03775430815716118,
          0.041336964605691515,
          0.6982321208153515
        ],
        [
          -0.03678634154288285,
          0.04932352648189552,
          0.697859635374075
        ],
        [
          -0.034650612365264115,
          0.058424808372602374,
          0.6989620824064292
        ],
        [
          -0.03329047097100721,
          0.0679311218919802,
          0.699935895894464
        ]
      ],
      "displacements": [
        0.007399078917845508,
        0.009566366961876198,
        0.009333290922576912,
        0.008327078148415998,
        0.008304619111612302,
        0.00821008569257374,
        0.008053624983369641,
        0.009413291700217678,
        0.009652372457098577
      ],
      "avg_displacement": 0.008695534321731839,
      "max_height": 0.7129679373389848,
      "max_height_axis": "z",
      "total_steps": 10,
      "success": false
    },
    {
      "rollout_index": 1,
      "init_state_idx": 1,
      "vision_context": {
        "perturbation": "occlusion",
        "target": "primary",
        "strength": 0.2,
        "seed": 10043,
        "occlusion_boxes": {
          "primary": {
            "top": 21,
            "left": 82,
            "size": 51
          },
          "wrist": {
            "top": 50,
            "left": 109,
            "size": 51
          }
        }
      },
      "ee_positions": [
        [
          -0.06382990412035024,
          0.015406615404537012,
          0.6704240090059875
        ],
        [
          -0.06097212695954798,
          0.017844515748317805,
          0.6726288349103758
        ],
        [
          -0.05951734480885798,
          0.021608949313246917,
          0.6715867059206398
        ],
        [
          -0.059710932339644335,
          0.027731781257441256,
          0.669051162171608
        ],
        [
          -0.05966697257457516,
          0.03693508566817151,
          0.6682380459127832
        ],
        [
          -0.0594340878820444,
          0.046469274894648714,
          0.6675439026496282
        ],
        [
          -0.058992265187041246,
          0.055710718205811555,
          0.6674286409662062
        ],
        [
          -0.05725157056089847,
          0.06561209917658666,
          0.6674920347115478
        ],
        [
          -0.05576325595814037,
          0.07377971040512762,
          0.6669282961481469
        ],
        [
          -0.05394217478203052,
          0.08161388841162519,
          0.6685898404598707
        ]
      ],
      "displacements": [
        0.00435562919170942,
        0.00416813915338479,
        0.006629896624546808,
        0.009239258768314535,
        0.009562260943734632,
        0.009252716737419422,
        0.010053426365018946,
        0.00832122314958786,
        0.008212880809271104
      ],
      "avg_displacement": 0.007755047971443058,
      "max_height": 0.6726288349103758,
      "max_height_axis": "z",
      "total_steps": 10,
      "success": false
    },
    {
      "rollout_index": 2,
      "init_state_idx": 2,
      "vision_context": {
        "perturbation": "occlusion",
        "target": "primary",
        "strength": 0.2,
        "seed": 10044,
        "occlusion_boxes": {
          "primary": {
            "top": 51,
            "left": 88,
            "size": 51
          },
          "wrist": {
            "top": 121,
            "left": 44,
            "size": 51
          }
        }
      },
      "ee_positions": [
        [
          -0.04731747172865137,
          -0.020345004538329662,
          0.6942032795827209
        ],
        [
          -0.047848880987528215,
          -0.014470537935906531,
          0.6906041700807112
        ],
        [
          -0.04729285534318759,
          -0.004142455558332324,
          0.6877965193019664
        ],
        [
          -0.04695828410504529,
          0.005692714815681261,
          0.6883708087475565
        ],
        [
          -0.047394080513354746,
          0.013781552285256177,
          0.6889156359380281
        ],
        [
          -0.04785723597488342,
          0.021973468201699032,
          0.6896372779524865
        ],
        [
          -0.04928600657401637,
          0.03125365364310441,
          0.6904687535338085
        ],
        [
          -0.04914277447174637,
          0.041072774629476685,
          0.6917784092483544
        ],
        [
          -0.04935396962556696,
          0.050481808997270596,
          0.6939864869864971
        ],
        [
          -0.04970716484616995,
          0.06045386532864178,
          0.6952467099363062
        ]
      ],
      "displacements": [
        0.006909800494287901,
        0.010717338895943783,
        0.009857602272692017,
        0.00811886979734074,
        0.00823667205615504,
        0.009426270677959222,
        0.009907111106209511,
        0.009666961178416183,
        0.010057575066740617
      ],
      "avg_displacement": 0.009210911282860558,
      "max_height": 0.6952467099363062,
      "max_height_axis": "z",
      "total_steps": 10,
      "success": false
    },
    {
      "rollout_index": 3,
      "init_state_idx": 3,
      "vision_context": {
        "perturbation": "occlusion",
        "target": "primary",
        "strength": 0.2,
        "seed": 10045,
        "occlusion_boxes": {
          "primary": {
            "top": 70,
            "left": 155,
            "size": 51
          },
          "wrist": {
            "top": 166,
            "left": 4,
            "size": 51
          }
        }
      },