{
  "generated_at_utc": "2026-04-20T00:25:42Z",
  "model_id": "HuggingFaceVLA/smolvla_libero",
  "suite": "libero_10",
  "task_idx": 0,
  "task_description": "put both the alphabet soup and the tomato sauce in the basket",
  "condition": "none",
  "prompt_prefix": null,
  "seed": 42,
  "device": "cpu",
  "num_rollouts": 4,
  "init_state_indices": [
    0,
    1,
    2,
    3
  ],
  "max_steps": 10,
  "elapsed_seconds": 453.134,
  "summary": {
    "avg_speed_mean": 0.00839027637482698,
    "avg_speed_std": 0.0007483517755472746,
    "max_height_mean": 0.6936687819096058,
    "max_height_std": 0.014560971899925829,
    "success_rate": 0.0,
    "success_count": 0
  },
  "steering": null,
  "rollouts": [
    {
      "rollout_index": 0,
      "init_state_idx": 0,
      "ee_positions": [
        [
          -0.03749909448654084,
          -0.005375515997324871,
          0.7129679373389848
        ],
        [
          -0.04011504581541535,
          -0.0005029808495210148,
          0.7080783322528811
        ],
        [
          -0.04088858000354662,
          0.008035311143398293,
          0.7038159587562404
        ],
        [
          -0.0398541405923291,
          0.017251173008920078,
          0.7030519745495986
        ],
        [
          -0.039526837501827804,
          0.025682931812407096,
          0.7026594907296234
        ],
        [
          -0.03929281635796915,
          0.03406568204970747,
          0.7013805739866871
        ],
        [
          -0.03811383966688372,
          0.042161733782311084,
          0.7005226254168981
        ],
        [
          -0.03735558699777111,
          0.0500328613857881,
          0.7008566353728101
        ],
        [
          -0.035348263968347,
          0.05909596317700659,
          0.7027235849280279
        ],
        [
          -0.03415547312294896,
          0.06860859206983307,
          0.7040544181804248
        ]
      ],
      "displacements": [
        0.007381939990251575,
        0.009574372727308201,
        0.009305151620895645,
        0.008447231936094498,
        0.008482976804877829,
        0.008226306306205699,
        0.007914616826548367,
        0.009468614495488357,
        0.009679048279618598
      ],
      "avg_displacement": 0.00872002877636542,
      "max_height": 0.7129679373389848,
      "max_height_axis": "z",
      "total_steps": 10,
      "success": false
    },
    {
      "rollout_index": 1,
      "init_state_idx": 1,
      "ee_positions": [
        [
          -0.06382990412035024,
          0.015406615404537012,
          0.6704240090059875
        ],
        [
          -0.060853773157088,
          0.017690529699561943,
          0.6727300098486293
        ],
        [
          -0.0597367523898477,
          0.020281610439834535,
          0.6718031672226635
        ],
        [
          -0.06021940474571144,
          0.02535902525156692,
          0.6695381665599087
        ],
        [
          -0.060160326525604636,
          0.034147969767755984,
          0.6689768616198885
        ],
        [
          -0.05983324578652101,
          0.04347681288984697,
          0.668359536876916
        ],
        [
          -0.05938855142072571,
          0.05260753365383676,
          0.6683952886202339
        ],
        [
          -0.05761157704497482,
          0.06233085303245421,
          0.6687892355354311
        ],
        [
          -0.056499246259061414,
          0.06925322964756213,
          0.6680180219091365
        ],
        [
          -0.05513438154684599,
          0.07594072694491465,
          0.6696431546654177
        ]
      ],
      "displacements": [
        0.004403550829021047,
        0.0029699279537330177,
        0.005580620258474856,
        0.008807048267179643,
        0.009354965828090974,
        0.009141613256754775,
        0.00989220763240776,
        0.007053463563106155,
        0.007016162217358304
      ],
      "avg_displacement": 0.007135506645125171,
      "max_height": 0.6727300098486293,
      "max_height_axis": "z",
      "total_steps": 10,
      "success": false
    },
    {
      "rollout_index": 2,
      "init_state_idx": 2,
      "ee_positions": [
        [
          -0.04731747172865137,
          -0.020345004538329662,
          0.6942032795827209
        ],
        [
          -0.04775106374855239,
          -0.014568721923655263,
          0.6906208925954411
        ],
        [
          -0.04714234844324584,
          -0.004328875848266804,
          0.6879345476080189
        ],
        [
          -0.046989217341179584,
          0.00540244249535609,
          0.6885980282661955
        ],
        [
          -0.047563741502337074,
          0.013339829592300768,
          0.6893764705608323
        ],
        [
          -0.048085131856031076,
          0.0214305442891815,
          0.6904788793261758
        ],
        [
          -0.04976205785485915,
          0.030540902139593866,
          0.6917785755634984
        ],
        [
          -0.04962111242714006,
          0.04011441229565962,
          0.6936920398459112
        ],
        [
          -0.04975420633070553,
          0.049115401990551644,
          0.6967626982035953
        ],
        [
          -0.05009700758564146,
          0.05889961312038601,
          0.6987226109872546
        ]
      ],
      "displacements": [
        0.006810795798652522,
        0.010603840406287318,
        0.009755112117404187,
        0.007996134337576934,
        0.008182103476072228,
        0.009354138724512606,
        0.009763877707241037,
        0.009511281313489455,
        0.009984465847160366
      ],
      "avg_displacement": 0.00910686108093296,
      "max_height": 0.6987226109872546,
      "max_height_axis": "z",
      "total_steps": 10,
      "success": false
    },
    {
      "rollout_index": 3,
      "init_state_idx": 3,
      "ee_positions": [
        [
          -0.05014990832169014,
          -0.008050793830951865,
          0.6887148265184179
        ],
        [
          -0.05123461975324182,
          -0.0034417722044408306,
          0.6867294878956147
        ],
        [
          -0.050933373775601656,
          0.005162313984150757,
          0.684981446838858
        ],
        [
          -0.0493863822882977,
          0.014046452937276844,
          0.6852792353432373
        ],
        [
          -0.048537180665945104,
          0.02297539015272349,
          0.686745828105641
        ],
        [
          -0.04762151595462169,
          0.032316686895875926,
          0.6884101600344578
        ],
        [
          -0.04706742312469822,
          0.04164531015218796,
          0.688709265053776
        ],
        [
          -0.04688847193762141,
          0.05072022872838599,
          0.689377001045204
        ],
        [
          -0.0472036324333987,
          0.05944488890320319,
          0.6902545694635546
        ],
        [
          -0.04599857243457058,
          0.06795843999758916,
          0.6900861765001324
        ]
      ],
      "displacements": [
        0.005134320664954538,
        0.008785026796536486,
        0.00902273714532257,
        0.009088341846757813,
        0.009532484853199205,
        0.009349849973927911,
        0.009101211020860277,
        0.00877434599460416,
        0.008600062675796398
      ],
      "avg_displacement": 0.008598708996884372,
      "max_height": 0.6902545694635546,
      "max_height_axis": "z",
      "total_steps": 10,
      "success": false
    }
  ]
}