{
  "generated_at_utc": "2026-04-19T21:17:12Z",
  "model_id": "HuggingFaceVLA/smolvla_libero",
  "suite": "libero_10",
  "task_idx": 0,
  "task_description": "put both the alphabet soup and the tomato sauce in the basket",
  "condition": "none",
  "prompt_prefix": null,
  "seed": 42,
  "device": "cpu",
  "num_rollouts": 3,
  "max_steps": 5,
  "elapsed_seconds": 280.071,
  "summary": {
    "avg_speed_mean": 0.007750230188551427,
    "avg_speed_std": 0.0006742683624712547,
    "max_height_mean": 0.6940855263419864,
    "max_height_std": 0.015465720717618179,
    "success_rate": 0.0,
    "success_count": 0
  },
  "steering": null,
  "rollouts": [
    {
      "ee_positions": [
        [
          -0.03749909448654084,
          -0.005375515997324871,
          0.7129679373389848
        ],
        [
          -0.04011504581541535,
          -0.0005029808495210148,
          0.7080783322528811
        ],
        [
          -0.04088858000354662,
          0.008035311143398293,
          0.7038159587562404
        ],
        [
          -0.0398541405923291,
          0.017251173008920078,
          0.7030519745495986
        ],
        [
          -0.039526837501827804,
          0.025682931812407096,
          0.7026594907296234
        ]
      ],
      "displacements": [
        0.007381939990251575,
        0.009574372727308201,
        0.009305151620895645,
        0.008447231936094498
      ],
      "avg_displacement": 0.00867717406863748,
      "max_height": 0.7129679373389848,
      "max_height_axis": "z",
      "total_steps": 5,
      "success": false
    },
    {
      "ee_positions": [
        [
          -0.06382990412035024,
          0.015406615404537012,
          0.6704240090059875
        ],
        [
          -0.060786778373075584,
          0.016752850597227708,
          0.6719150706124869
        ],
        [
          -0.05816151625822681,
          0.02192540880532459,
          0.6726338211016322
        ],
        [
          -0.05578630429944642,
          0.030424260103264496,
          0.6737091648987535
        ],
        [
          -0.05408623268455134,
          0.04017274724294907,
          0.6750853621042535
        ]
      ],
      "displacements": [
        0.0036463993503374446,
        0.00584499459824021,
        0.008889795808433153,
        0.009990854005378793
      ],
      "avg_displacement": 0.007093010940597401,
      "max_height": 0.6750853621042535,
      "max_height_axis": "z",
      "total_steps": 5,
      "success": false
    },
    {
      "ee_positions": [
        [
          -0.04731747172865137,
          -0.020345004538329662,
          0.6942032795827209
        ],
        [
          -0.047658368464376974,
          -0.01388107544796208,
          0.6930963788835156
        ],
        [
          -0.04854931717959485,
          -0.006740875015540348,
          0.6899174861366312
        ],
        [
          -0.04897604526394161,
          -0.0005255925877507245,
          0.6880765862155994
        ],
        [
          -0.04888003400332297,
          0.008463215065219963,
          0.6883139159161755
        ]
      ],
      "displacements": [
        0.006566872849966699,
        0.007866486567998342,
        0.006496210051592811,
        0.008992452756119741
      ],
      "avg_displacement": 0.0074805055564193985,
      "max_height": 0.6942032795827209,
      "max_height_axis": "z",
      "total_steps": 5,
      "success": false
    }
  ]
}