{
  "generated_at_utc": "2026-04-19T21:22:21Z",
  "model_id": "HuggingFaceVLA/smolvla_libero",
  "suite": "libero_10",
  "task_idx": 0,
  "task_description": "fast put both the alphabet soup and the tomato sauce in the basket",
  "condition": "prompt",
  "prompt_prefix": "fast",
  "seed": 42,
  "device": "cpu",
  "num_rollouts": 3,
  "max_steps": 5,
  "elapsed_seconds": 284.901,
  "summary": {
    "avg_speed_mean": 0.0067876721275532854,
    "avg_speed_std": 0.0008575055695057187,
    "max_height_mean": 0.6931455441677219,
    "max_height_std": 0.016633558899837673,
    "success_rate": 0.0,
    "success_count": 0
  },
  "steering": null,
  "rollouts": [
    {
      "ee_positions": [
        [
          -0.03749909448654084,
          -0.005375515997324871,
          0.7129679373389848
        ],
        [
          -0.03990169766221925,
          -0.0007655299747172703,
          0.7077541745153468
        ],
        [
          -0.040283216908012474,
          0.007014781788682259,
          0.702742152261188
        ],
        [
          -0.03881220035027426,
          0.015556795207885705,
          0.7011094532147727
        ],
        [
          -0.03820024483131038,
          0.02168027895828192,
          0.6994721252021188
        ]
      ],
      "displacements": [
        0.007362594374917483,
        0.009262784416512534,
        0.008820180788575546,
        0.0063680755193055065
      ],
      "avg_displacement": 0.007953408774827768,
      "max_height": 0.7129679373389848,
      "max_height_axis": "z",
      "total_steps": 5,
      "success": false
    },
    {
      "ee_positions": [
        [
          -0.06382990412035024,
          0.015406615404537012,
          0.6704240090059875
        ],
        [
          -0.06063865076815701,
          0.015813086188066046,
          0.6714601530368605
        ],
        [
          -0.05759030948533985,
          0.018878402384770815,
          0.6710302714938663
        ],
        [
          -0.05455910533467344,
          0.02539726186709635,
          0.6712452414080627
        ],
        [
          -0.05223992112024399,
          0.033767222202721194,
          0.6722654155814599
        ]
      ],
      "displacements": [
        0.003379779713008054,
        0.004344346452956419,
        0.0071923528568426385,
        0.00874503326377084
      ],
      "avg_displacement": 0.005915378071644488,
      "max_height": 0.6722654155814599,
      "max_height_axis": "z",
      "total_steps": 5,
      "success": false
    },
    {
      "ee_positions": [
        [
          -0.04731747172865137,
          -0.020345004538329662,
          0.6942032795827209
        ],
        [
          -0.04738812145106156,
          -0.014229598974176113,
          0.692795093320372
        ],
        [
          -0.04828592257097592,
          -0.009211093106951574,
          0.6888805241329984
        ],
        [
          -0.0486489302480911,
          -0.004856026765063224,
          0.6865374556444863
        ],
        [
          -0.0482317428587343,
          0.0034450050905795162,
          0.6863065073412615
        ]
      ],
      "displacements": [
        0.006275839796140818,
        0.00642769787039044,
        0.0049586638681959035,
        0.008314716610023238
      ],
      "avg_displacement": 0.0064942295361876,
      "max_height": 0.6942032795827209,
      "max_height_axis": "z",
      "total_steps": 5,
      "success": false
    }
  ]
}