{
  "generated_at_utc": "2026-04-19T21:26:31Z",
  "model_id": "HuggingFaceVLA/smolvla_libero",
  "suite": "libero_10",
  "task_idx": 0,
  "task_description": "safe put both the alphabet soup and the tomato sauce in the basket",
  "condition": "prompt",
  "prompt_prefix": "safe",
  "seed": 42,
  "device": "cpu",
  "num_rollouts": 3,
  "max_steps": 5,
  "elapsed_seconds": 232.991,
  "summary": {
    "avg_speed_mean": 0.00729700153023886,
    "avg_speed_std": 0.0007829819225588557,
    "max_height_mean": 0.6936206581379537,
    "max_height_std": 0.016040133000092077,
    "success_rate": 0.0,
    "success_count": 0
  },
  "steering": null,
  "rollouts": [
    {
      "ee_positions": [
        [
          -0.03749909448654084,
          -0.005375515997324871,
          0.7129679373389848
        ],
        [
          -0.039934980208594505,
          -0.0005611217603109962,
          0.7079948768665318
        ],
        [
          -0.04040274845587403,
          0.007807852437930939,
          0.7035355025765423
        ],
        [
          -0.039097729724777985,
          0.01693128640347168,
          0.702586600356622
        ],
        [
          -0.03861050006094839,
          0.02424993133103424,
          0.7014523866709037
        ]
      ],
      "displacements": [
        0.007337796779890485,
        0.009494448658148717,
        0.009265016817851095,
        0.007422021086329748
      ],
      "avg_displacement": 0.008379820835555012,
      "max_height": 0.7129679373389848,
      "max_height_axis": "z",
      "total_steps": 5,
      "success": false
    },
    {
      "ee_positions": [
        [
          -0.06382990412035024,
          0.015406615404537012,
          0.6704240090059875
        ],
        [
          -0.060703607118606215,
          0.016377155143913653,
          0.6716258745245854
        ],
        [
          -0.05786821294231137,
          0.020670829154725904,
          0.6717032851601199
        ],
        [
          -0.05513793419902961,
          0.02829682601928313,
          0.6724585729277887
        ],
        [
          -0.053072396806155914,
          0.03743761698730708,
          0.6736907574921558
        ]
      ],
      "displacements": [
        0.0034871422474022427,
        0.0051459779490962785,
        0.008135152721752859,
        0.009451919542777137
      ],
      "avg_displacement": 0.006555048115257129,
      "max_height": 0.6736907574921558,
      "max_height_axis": "z",
      "total_steps": 5,
      "success": false
    },
    {
      "ee_positions": [
        [
          -0.04731747172865137,
          -0.020345004538329662,
          0.6942032795827209
        ],
        [
          -0.047517028437459315,
          -0.013996371704468541,
          0.6930415074538155
        ],
        [
          -0.04831718299670095,
          -0.008108418025084791,
          0.689370671248256
        ],
        [
          -0.048567585821456795,
          -0.00298635139190038,
          0.6871930898057355
        ],
        [
          -0.048232926598597806,
          0.0058174252643241504,
          0.6873499295028823
        ]
      ],
      "displacements": [
        0.0064571414897546565,
        0.006984503153216445,
        0.005571366897650586,
        0.008811531018996056
      ],
      "avg_displacement": 0.006956135639904436,
      "max_height": 0.6942032795827209,
      "max_height_axis": "z",
      "total_steps": 5,
      "success": false
    }
  ]
}