{
  "generated_at_utc": "2026-04-19T21:30:34Z",
  "model_id": "HuggingFaceVLA/smolvla_libero",
  "suite": "libero_10",
  "task_idx": 0,
  "task_description": "risk put both the alphabet soup and the tomato sauce in the basket",
  "condition": "prompt",
  "prompt_prefix": "risk",
  "seed": 42,
  "device": "cpu",
  "num_rollouts": 3,
  "max_steps": 5,
  "elapsed_seconds": 223.321,
  "summary": {
    "avg_speed_mean": 0.007499285263008877,
    "avg_speed_std": 0.0008599597696950259,
    "max_height_mean": 0.6930988069047365,
    "max_height_std": 0.01669225600509641,
    "success_rate": 0.0,
    "success_count": 0
  },
  "steering": null,
  "rollouts": [
    {
      "ee_positions": [
        [
          -0.03749909448654084,
          -0.005375515997324871,
          0.7129679373389848
        ],
        [
          -0.040096411564356095,
          -0.0005550154512332967,
          0.7075476713155784
        ],
        [
          -0.040782339253280786,
          0.007849696427350974,
          0.702285529880784
        ],
        [
          -0.03978711638746417,
          0.017081923301957243,
          0.7004189471026558
        ],
        [
          -0.03994832821952554,
          0.024205149408545082,
          0.6983354436074449
        ]
      ],
      "displacements": [
        0.007704710590416341,
        0.009939809406433776,
        0.009471463080456523,
        0.007423430893793464
      ],
      "avg_displacement": 0.008634853492775025,
      "max_height": 0.7129679373389848,
      "max_height_axis": "z",
      "total_steps": 5,
      "success": false
    },
    {
      "ee_positions": [
        [
          -0.06382990412035024,
          0.015406615404537012,
          0.6704240090059875
        ],
        [
          -0.060885485115231584,
          0.016419724216825506,
          0.6713138915616204
        ],
        [
          -0.0584332398989538,
          0.02081694875549719,
          0.6710069607232095
        ],
        [
          -0.05610639794507835,
          0.028752830310931062,
          0.6713830597055288
        ],
        [
          -0.05441917938367533,
          0.03823197269938069,
          0.6721252037925041
        ]
      ],
      "displacements": [
        0.0032385002248047053,
        0.005044134889534703,
        0.00827851798238622,
        0.009656688083410258
      ],
      "avg_displacement": 0.006554460295033972,
      "max_height": 0.6721252037925041,
      "max_height_axis": "z",
      "total_steps": 5,
      "success": false
    },
    {
      "ee_positions": [
        [
          -0.04731747172865137,
          -0.020345004538329662,
          0.6942032795827209
        ],
        [
          -0.04768008793605009,
          -0.013915577955323631,
          0.6926397531718983
        ],
        [
          -0.048817636799458816,
          -0.007751146122682825,
          0.6884571945624393
        ],
        [
          -0.04944588403194371,
          -0.002313372163052407,
          0.6857402167580384
        ],
        [
          -0.04944940052778,
          0.006628467654220563,
          0.6851621391138454
        ]
      ],
      "displacements": [
        0.006626736114971878,
        0.007535783552987554,
        0.006111141350907077,
        0.008960506986004032
      ],
      "avg_displacement": 0.007308542001217636,
      "max_height": 0.6942032795827209,
      "max_height_axis": "z",
      "total_steps": 5,
      "success": false
    }
  ]
}