{
  "model_id": "HuggingFaceVLA/smolvla_libero",
  "task_idx": 0,
  "task_description": "put both the alphabet soup and the tomato sauce in the basket",
  "condition": "none",
  "alpha": null,
  "num_rollouts": 1,
  "max_steps": 5,
  "seed": 42,
  "elapsed_seconds": 17.5,
  "summary": {
    "avg_speed_mean": 0.008258998699315324,
    "avg_speed_std": 0.0,
    "max_height_mean": 0.7129679373389848,
    "max_height_std": 0.0,
    "success_rate": 0.0,
    "success_count": 0
  },
  "rollouts": [
    {
      "ee_positions": [
        [
          -0.03749909448654084,
          -0.005375515997324871,
          0.7129679373389848
        ],
        [
          -0.03996038489646649,
          -0.0007094263892518907,
          0.7091932256208832
        ],
        [
          -0.04079403602854284,
          0.007177263706043295,
          0.7068243908050115
        ],
        [
          -0.03970552690767841,
          0.016407555240462966,
          0.7081360233565208
        ],
        [
          -0.03933149374765303,
          0.02527671761108144,
          0.7085344296063661
        ]
      ],
      "displacements": [
        0.006486816728360093,
        0.008276849234710344,
        0.009386347205743214,
        0.008885981628447646
      ],
      "avg_displacement": 0.008258998699315324,
      "max_height": 0.7129679373389848,
      "max_height_axis": "z",
      "total_steps": 5,
      "success": false
    }
  ]
}